,src,mt,pe,avg_len,mtr_score,ref_len,nst_score,nst_blc_score,final_score,transquest,new_src,new_mt,tquest_ner,diff
35,"3 , April 1947 "" Zorro 's Strange Duel "" , West Magazine Vol .","3 , April 1947 "" Zorro ' s Strange Duel "" , West Magazine Vol .","3. April 1947 "" Zorros seltsames Duell "" , West Magazine Vol .",13,0.748872,13,2.023164,2.723374,0.708033,0.729652,"this year"" Zorro 's Strange Duel "", West Magazine Vol.","3, April 1947"" Zorro' s Strange Duel"", IBM.",0.439486,-0.2469280000000001
129,"D.BUCKMAN , The Dictionary of Artists in Britain Since 1945 , Art Dictionaries ltd , Bristol , 1998 .","D.BUCKMAN , The Dictionary of Artists in Britain Seit 1945 , Art Dictionaries ltd , Bristol , 1998 .","D. Buckman , The Dictionary of Artists in Britain Since 1945 , Art Dictionaries ltd , Bristol , 1998 .",20,0.853576,20,3.847464,4.45143,0.860918,0.743373,"David, The Dictionary of Artists in Britain Since 1945, IBM, IBM, this year.","D.BUCKMAN, The Dictionary of Artists in Himalaya Seit 1945, Art Dictionaries ltd, IBM, 1998.",0.565967,-0.17740599999999995
224,"Felix Donnelly , One Priest 's Life , Australia and New Zealand Book Company , Auckland , 1982 , pp .","Felix Donnelly , One Priest ' s Life , Australia and New Zealand Book Company , Auckland , 1982 , S .","Felix Donnelly , One Priest ' s Life , Australien und Neuseeland Book Company , Auckland , 1982 , pp .",21,0.795438,21,3.198057,3.638798,0.781902,0.758554,"David, three Priest 's Life, IBM, Paris, this year, pp.","Felix Donnelly, IBM, IBM, IBM, 1982, S.",0.463463,-0.29509099999999994
401,"army of Guillem II de Bearn i Montcada , 100 knights .","Army of Guillem II de Bearn i Montcada , 100 Ritter .","Armee von Guillem II de Bearn i Montcada , 100 Ritter .",12,0.832917,12,2.987469,4.15245,0.832432,0.764921,"army of David, three knights.","IBM, 100 Ritter.",0.388796,-0.376125
417,then Naiad and took the Vriendfchap Beerens on 16 May .,dann Naiad und nahm die Vriendfchap Beerens am 16. Mai .,dann nahmen Naiad und Sylph am 16. Mai die Vriendfchap Beerens ein .,13,0.732422,13,2.990619,4.025662,0.746964,0.70368,then David and took the Vriendfchap Beerens on this year.,dann Himalaya und nahm die Vriendfchap Beerens am 16. Mai.,0.533481,-0.170199
432,"1969 53rd Annual Exhibition of the Society of Canadian Painters , Etchers and Engravers , The Library of the City Hall , Toronto , Canada .","1969 53rd Annual Exhibition of the Society of Canadian Painters , Etchers and Engravers , The Library of the City Hall , Toronto , Canada .","1969 der 53. Jahresausstellung der Gesellschaft der kanadischen Maler , Radierer und Graveure , die Bibliothek der City Hall , Toronto , Kanada .",24,0.340016,24,1.35941,1.476928,0.33109,0.799928,"this year Annual Exhibition of the Society of Canadian Painters , Etchers and Engravers, The Library of the City Hall, Paris, Paris.","1969 53rd Annual Exhibition of the Society of Canadian Painters, Etchers and Engravers, IBM, Himalaya, Himalaya.",0.552448,0.24747999999999992
455,Azerbaijani Americans Georgian Americans Iranian Americans Turkish Americans Lebanese Americans Iraqi Americans Syrian Americans Armenian diaspora,Aserbaidschaner Amerikaner Georgische Amerikaner Iranische Amerikaner Türkische Amerikaner Libanesische Amerikaner Irakische Amerikaner Syrische Amerikaner Armenische Diaspora,aserbaidschanische Amerikaner Georgische Amerikaner Iranische Amerikaner Türkische Amerikaner Libanesische Amerikaner Irakische Amerikaner Syrische Amerikaner Armenische Dias,16,0.874841,16,3.581881,4.469902,0.878669,0.739928,Azerbaijani Americans Georgian Americans Iranian Americans Turkish Americans Lebanese Americans Iraqi Americans Syrian Americans Armenian diaspora,Himalaya Himalaya Georgische Himalaya Himalaya Himalaya Himalaya Himalaya Syrische Himalaya Armenische Diaspora,0.541922,-0.19800600000000002
474,"2005 Les Soirées de Mercure 2nd edition , Galerie Weiller , Paris , France .","2005 Les Soirées de Mercure 2nd edition , Galerie Weiller , Paris , Frankreich .","2005 Les Soirées de Mercure 2. Auflage , Galerie Weiller , Paris , Frankreich .",15,0.865089,15,3.408614,4.350816,0.866104,0.758081,"this year Les Soirées de Mercure 2nd edition, IBM, Paris, Paris.","2005 Les Soirées de Mercure 2nd edition, Galerie Weiller, Himalaya, Himalaya.",0.378775,-0.37930600000000003
482,Chittagong University Chittagong Ship Breaking Yard Jamboree Park,Chittagong University Chittagong Ship Breaking Yard Jamboree Park,University of Chittagong - Chittagong Abwrackwerft - Jamboree Park,9,0.417978,9,1.632849,2.581555,0.437645,0.731139,IBM Chittagong Ship Breaking Yard Jamboree Park,IBM,0.33389,0.189739
483,the Columbia University College of Physicians and Surgeons Complete Guide to Early Child Care .,das Columbia University College of Physician and Surgeons Complete Guide to Early Child Care .,das Columbia University College für Ärzte und Chirurgen bietet einen vollständigen Leitfaden für die frühkindliche Betreuung .,17,0.288095,17,1.275403,1.558965,0.292835,0.740964,the Columbia University College of Physicians and Surgeons Complete Guide to Early Child Care.,das IBM.,0.51003,0.23093399999999997
540,"Hickman , Bert , "" Tesla Coil Information Center "" Cooper , John .","Hickman , Bert , "" Tesla Coil Information Center "" Cooper , John .","Hickman , Bert , "" Tesla Coil Information Center "" Cooper , John .",14,0.999818,14,3.84447,5.031442,1.001112,0.761464,"David, David,IBM David, David.","Hickman, Bert,"" Tesla Coil Information Center"" Cooper, John.",0.475026,-0.2864380000000001
550,"he also toured Regina , Moose Jaw , Assiniboia , Saskatoon , Whitehorse , and Mayo .","er tourte auch Regina , Moose Jaw , Assiniboia , Saskatoon , Whitehorse und Mayo .","er tourte auch durch Regina , Moose Jaw , Assiniboia , Saskatoon , Whitehorse und Mayo .",17,0.945821,17,4.057433,4.959529,0.955038,0.724277,"he also toured Paris, Paris, Paris, Paris, Paris, and Paris.","er tourte auch IBM, Moose Jaw, Himalaya, Himalaya, Himalaya und Himalaya.",0.516642,-0.2076349999999999
574,"as Pink Floyd toured North America , Waters ' Radio K.A.O.S .","als Pink Floyd Nordamerika tourte , Waters ' Radio K.A.O.S .","als Pink Floyd durch Nordamerika tourte , war Waters Radio K.A.O.S .",12,0.813445,12,3.156669,4.387631,0.826261,0.734714,"as David toured Himalayas, David' IBM.","als IBM tourte, Waters' Radio K.A.O.S.",0.53128,-0.203434
575,"sourcing the Museum , Textile Museum , Washington D.C. , USA , March 23 to August 19 .","Sourcing the Museum , Textile Museum , Washington D.C. , USA , 23. März bis 19. August","Finanzbeschaffung des Museums , Textilmuseum , Washington D.C. , USA , 23. März bis 19. August .",17,0.760007,17,2.78968,3.409914,0.744402,0.747297,"sourcing the Museum, IBM, Paris Paris, this year.","Himalaya, Himalaya, Himalaya, Himalaya, 23. März bis 19. August",0.382668,-0.358839
678,"Emilia Castro de Barish , 98 , Costa Rican diplomat .","Emilia Castro de Barish , 98 , costaricanischer Diplomat .","Emilia Castro de Barish , 98 , costaricanischer Diplomat .",10,0.9995,10,3.34415,5.032804,1.000912,0.755946,"David, this year, Costa Rican diplomat.","Emilia Castro de Barish, 98, costaricanischer Diplomat.",0.576758,-0.17918800000000001
700,"fought on October 2 , 1863 , at Lookout Mountain , Tennessee .","gefunden am 2. Oktober 1863 , am Lookout Mountain , Tennessee .",kämpfte am 2. Oktober 1863 am Lookout Mountain in Tennessee .,11,0.795796,11,2.609725,3.763654,0.787183,0.722576,"fought on this year, at Himalayas, Paris.","gefunden am 2. Oktober 1863, am Himalaya, Himalaya.",0.523847,-0.19872900000000004
769,"retrieved March 20 , 2010 < / ref > < ref name = "" pemberton "" >","20. März 2010 < / ref > < ref name = "" Pemberton "" >","abgerufen am 20. März 2010 < ref name = "" Pemberton "" > < / ref >",17,0.847487,17,3.795007,4.638757,0.86354,0.71557,"retrieved this year </ ref > < ref name ="" David"" >","20. März 2010 </ ref > < ref name ="" Pemberton"" >",0.499475,-0.21609500000000004
785,"on the afternoon of 24 July , CR.42s and Gladiators clashed over Bardia .",am Nachmittag des 24. Juli trafen sich CR.42 und Gladiatoren über Bardia .,am Nachmittag des 24. Juli stießen CR.42 und Gladiatoren über Bardia zusammen .,13,0.837572,13,3.131141,4.214819,0.83865,0.723052,"on night, product and product clashed over Paris.",am Nachmittag des 24. Juli trafen sich Himalaya und Himalaya über Himalaya.,0.491531,-0.23152100000000003
797,"Connelly , Joan Breton , The Parthenon Enigma , Knopf Doubleday Publishing Group , 2014 . .","Connelly , Joan Breton , The Parthenon Enigma , Knopf Doubleday Publishing Group , 2014 .","Connelly , Joan Breton , Das Parthenonrätsel , Knopf Doubleday Publishing Group , 2014 ..",15,0.792862,15,2.830168,3.612477,0.778789,0.727461,"David, David, The Parthenon Enigma, IBM, this year..","Connelly, Joan Breton, IBM, IBM, 2014.",0.52885,-0.19861099999999998
821,the backlot 's New York Street and Tenement Street depicted downtown Los Angeles .,die New York Street und Tenement Street des Backlot zeigten die Innenstadt von Los Angeles .,die New York Street und die Tenement Street des Backlots zeigen die Innenstadt von Los Angeles .,17,0.879158,17,3.542746,4.330411,0.876543,0.724052,the backlot 's New York Street and Tenement Street depicted downtown Paris.,die Himalaya und Himalaya des Himalaya zeigten die Innenstadt von Himalaya.,0.545946,-0.178106
882,on 1 and 4 September 1940 I. / KG 1 bombed Tilbury docks .,am 1. und 4. September 1940 bombardierte I. / KG 1 Tilbury Docks .,am 1. und 4. September 1940 bombardierte I. / KG 1 Tilbury Docks .,14,0.999818,14,3.807355,4.982868,0.999169,0.732764,on this year product bombed Paris docks.,am 1. und 4. September 1940 bombardierte I./ KG 1 Tilbury Docks.,0.541784,-0.19097999999999993
895,"on 15 June 1944 , Feldwebel Günther Henschel of 8 . / JG 1 downed a Mustang north of Caen .",am 15. Juni 1944 stieß Feldwebel Günther Henschel vom 8. / JG 1 eine Mustang nördlich von Caen ab .,am 15. Juni 1944 ließ Feldwebel Günther Henschel vom 8. / JG 1 nördlich von Caen eine Mustang abstürzen .,20,0.890355,20,3.889735,4.500337,0.892297,0.707609,"on this year, David of IBM downed a product north of Paris.",am 15. Juni 1944 stieß Feldwebel Günther Henschel vom 8./ JG 1 eine Mustang nördlich von Himalaya ab.,0.527916,-0.179693
896,") , Tellurium , Van Nostrand Reinhold , New York Belpassi L , Tarantelli F , Sgamellotti A & Quiney HM 2006 , ' The Electronic Structure of Alkali",") , Tellurium , Van Nostrand Reinhold , New York Belpassi L , Tarantelli F , Sgamellotti A & Quiney HM 2006 , ' The Electronic Structure of Alkali Aurides .",") , Tellurium , Van Nostrand Reinhold , New York Belpassi L. , Tarantelli F. , Sgamellotti A. & Quiney 2006 , The Electronic Structure of Alkali Aurides .",29,0.88494,29,4.004947,4.09958,0.871935,0.652598,"), IBM, IBM, Paris IBM, IBM, Sgamellotti A& Quiney HM this year,' The Electronic Structure of Alkali","), Tellurium, Van Nostrand Reinhold, Himalaya, IBM, IBM,' The Electronic Structure of Alkali Aurides.",0.432679,-0.21991900000000003
940,257 Squadron Hawker Hurricane 15 km northeast of Dover .,257 Squadron Hawker Hurricane 15 km nordöstlich von Dover .,257 Squadron Hawker Hurricane 15 km nordöstlich von Dover .,10,0.9995,10,3.321928,4.999361,0.999574,0.733105,IBM 15 km northeast of Paris.,257 Squadron Hawker Hurricane 15 km nordöstlich von Himalaya.,0.580346,-0.15275899999999998
961,"Belfast elected 7 Sinn Féin , 5 DUP , 2 SDLP , 3 Alliance Party , 1 UUP , 1 Green and 1 PBPA MLAs .","Belfast wählte 7 Sinn Féin , 5 DUP , 2 SDLP , 3 Alliance Party , 1 UUP , 1 Green und 1 PBPA MLAs .","Belfast wählte 7 Sinn Féin , 5 DUP , 2 SDLP , 3 Alliance Party , 1 UUP , 1 Green und 1 PBPA MLAs .",26,0.999972,26,4.728949,5.001105,1.000022,0.758488,"Paris elected three IBM, three IBM, three IBM, three IBM, three IBM, three IBM and three IBM MLAs.","Himalaya wählte 7 Sinn Féin, 5 IBM, 2 SDLP, 3 Alliance Party, 1 IBM, 1 Green und 1 PBPA MLAs.",0.595752,-0.1627360000000001
970,"1975 ) Goodman v. President and Trustees of Bowdoin College , 135 F. Supp .","1975 ) Goodman v. President and Trustees of Bowdoin College , 135 F. Supp .","1975 ) Goodman gegen President and Trustees of Bowdoin College , 135 F. Supp .",15,0.931973,15,3.646431,4.65437,0.931753,0.735953,"this year) David v. President and Trustees of IBM, three F. Supp.","1975) Goodman v. President and Trustees of Bowdoin College, 135 F. Supp.",0.477929,-0.258024
999,West Hertfordshire Warriors → Watford Storm → Edmonton Storm → Hemel Storm,West Hertfordshire Warriors → Watford Storm → Edmonton Storm → Hemel Storm,West Hertfordshire Warriors → Watford Storm → Edmonton Storm → Hemel Storm,12,0.999711,12,3.531101,4.908075,0.996092,0.769201,Paris Warriors → Paris Storm → Paris Storm → Paris Storm,IBM → Watford Storm → Edmonton Storm → Hemel Storm,0.379395,-0.3898060000000001
1040,"B. , The Neighborhoods of Augustan Rome , Cambridge , Cambridge University Press , 2004 .","B. , The Quarter of Augustan Rome , Cambridge , Cambridge University Press , 2004 .","B. , Die Nachbarschaften von Augustan Rom , Cambridge , Cambridge University Press , 2004 .",16,0.744141,16,2.917857,3.641253,0.740963,0.680134,"David, The Neighborhoods of Augustan Rome, Paris, IBM, this year.","B., IBM, IBM, IBM, 2004.",0.359626,-0.320508
1041,"Marcus Cornelius M. f . Maluginensis , consul in 436 BC .","Marcus Cornelius M. f. Maluginensis , Konsul 436 v. Chr .","Marcus Cornelius M. f. Maluginensis , Konsul 436 v .",10,0.8862,10,2.717941,4.090386,0.872575,0.793458,"David, consul in this year.","Marcus Cornelius M. f. Maluginensis, Konsul 436 v. Chr.",0.463732,-0.329726
1104,"in order to lure Optimus in , Cholmondeley captured the Autobots Tracks , Bumblebee , Jazz , Beachcomber , Grapple , Blaster and Inferno .","um Optimus zu locken , eroberte Cholmondeley die Autobots Tracks , Bumblebee , Jazz , Beachcomber , Grapple , Blaster und Inferno .","um Optimus anzulocken , nahm Cholmondeley die Autobots Tracks , Bumblebee , Jazz , Beachcomber , Grapple , Blaster und Inferno auf .",23,0.866087,23,3.846686,4.241186,0.862517,0.716321,"in order to lure David in, David captured the IBM product, product, product, product, product, product and product.","um Optimus zu locken, eroberte Cholmondeley die Autobots Tracks, Bumblebee, Jazz, Beachcomber, Himalaya, Blaster und Inferno.",0.538727,-0.17759400000000003
1124,"Ragnhild sailed on 5 September for Amsterdam , the Netherlands via the Methil Roads .","Ragnhild segelte am 5. September über die Methil Roads nach Amsterdam , Niederlande .",die Ragnhild fuhr am 5. September über die Methil Roads nach Amsterdam ( Niederlande ) .,16,0.745429,16,3.185368,3.975085,0.755347,0.733688,"David sailed on this year for Paris, the Paris via the Methil Roads.","Ragnhild segelte am 5. September über die Himalaya nach Himalaya, Himalaya.",0.573308,-0.16037999999999997
1128,"in 1854 the British Admiralty ordered 4,000 Navy Model Colt revolvers .",1854 bestellte die britische Admiralität 4.000 Navy Model Colt Revolver .,1854 bestellte die britische Admiralität 4.000 Navy Model Colt Revolver .,11,0.999624,11,3.459432,4.989072,0.999262,0.750091,in this year IBM ordered three product revolvers.,1854 bestellte die britische Admiralität 4.000 IBM Model Colt Revolver.,0.544572,-0.205519
1141,"on 14 February , 1st Battalion 7th Marines withdrew from Hīt .",am 14. Februar zog sich das 1. Bataillon 7. Marines aus Hīt zurück .,am 14. Februar zogen sich die 1. Bataillons 7. Marines aus Hīt zurück .,14,0.850446,14,2.991493,3.91511,0.836961,0.729018,"on this year, IBM withdrew from Paris.",am 14. Februar zog sich das 1. Bataillon 7. Marines aus Himalaya zurück.,0.561562,-0.16745600000000005
1170,"Fred Trueman , 75 , English and Yorkshire cricketer , lung cancer .","Fred Trueman , 75 , englischer und Yorkshire Cricketer , Lungenkrebs .","Fred Trueman , 75 , englischer und Yorkshire-Cricketspieler , Lungenkrebs .",11,0.897297,11,2.918882,4.209509,0.886218,0.74508,"David, this year, English and Yorkshire cricketer, lung cancer.","Fred Trueman, 75, englischer und IBM, Lungenkrebs.",0.588059,-0.15702099999999997
1206,West Beach Bathhouse Paul H. Douglas Center for Environmental Education Dorothy Buell Memorial Visitor Center .,West Beach Bathhouse Paul H. Douglas Center for Environmental Education Dorothy Buell Memorial Visitor Center .,West Beach Badehaus Paul H. Douglas Zentrum für Umwelterziehung Dorothy Buell Memorial Visitor Center .,15,0.721088,15,2.685987,3.428442,0.714008,0.69757,West Beach Bathhouse IBM IBM.,Himalaya.,0.148674,-0.548896
1237,Germany invaded Denmark and Norway in April 1940 and invaded the Low Countries and France in May .,im April 1940 marschierte Deutschland in Dänemark und Norwegen ein und im Mai in die Niederlande und Frankreich .,Deutschland 1940 im April in Dänemark und Norwegen ein und im Mai in die Niederlande und in Frankreich .,19,0.905783,19,3.965319,4.668314,0.911359,0.73263,Paris invaded Paris and Paris in this year and invaded Paris and Paris in this year.,im April 1940 marschierte Himalaya in Himalaya und Himalaya ein und im Mai in die Himalaya und Himalaya.,0.46947,-0.26316
1269,"on 12 July , Endymion anchored in the Tagus at Lisbon .",am 12. Juli verankerte Endymion im Tagus in Lissabon .,am 12. Juli ankerte Endymion im Tejo in Lissabon .,10,0.778906,10,2.657542,3.999488,0.783104,0.727323,"on this year, IBM anchored in the Himalayas at Paris.",am 12. Juli verankerte Endymion im Himalaya in Himalaya.,0.50972,-0.2176030000000001
1364,154 Randy Hankins and his Melody Wranglers Love Bird Of Tennessee / Blue Mountain Girl 1950,154 Randy Hankins and his Melody Wranglers Love Bird Of Tennessee / Blue Mountain Girl 1950,154 Randy Hankins and his Melody Wranglers - Love Bird Of Tennessee / Blue Mountain Girl 1950,17,0.945821,17,4.024612,4.919411,0.953433,0.634052,154 David and his David Love Bird Of Tennessee/ Blue Mountain Girl this year,154 Randy Hankins and his Melody Wranglers Love Bird Of Tennessee/ Himalaya 1950,0.371279,-0.2627729999999999
1422,"warrant for Genocide , Eyre & Spottiswoode 1967 ; Serif , 1996 .","Warrant for Genocide , Eyre & Spottiswoode 1967 ; Serif , 1996 .","Haftbefehl für Völkermord , Eyre & Spottiswoode 1967 ; Serif , 1996 .",13,0.768846,13,2.859313,3.848912,0.769033,0.73056,"warrant for Genocide, David& Spottiswoode this year; David, this year.","Warrant for Genocide, Eyre& Spottiswoode 1967; Serif, 1996.",0.497707,-0.23285299999999998
1423,"in the Third Test , Hill batted through much of the Australian first innings to make 91 not out .","im dritten Test durchbohrte Hill einen Großteil der ersten Innings Australiens , um 91 nicht herauszuholen .","im dritten Test kämpfte sich Hill durch einen Großteil der australischen ersten Innings , um 91 nicht herauszufinden .",19,0.715371,19,3.320503,3.909181,0.728664,0.695717,"in the Third Test, David batted through much of the Australian first innings to make three not out.","im dritten Test durchbohrte Hill einen Großteil der ersten Innings Himalaya, um 91 nicht herauszuholen.",0.542348,-0.15336899999999998
1474,little Orphan Annie at Don Markstein 's Toonopedia .,kleine Orphan Annie in Don Marksteins Toonopedia .,Little Orphan Annie in Don Marksteins Toonopedia .,8,0.873724,8,2.625,4.392954,0.874697,0.732582,little David at David Toonopedia.,kleine Orphan Annie in Himalaya.,0.419345,-0.31323699999999993
1577,Anna journeys to and then through Verea into the lair of the Demons .,Anna reist zu und dann durch Verea in die Höhle der Dämonen .,Anna reist nach und dann durch Verea in die Höhle der Dämonen .,13,0.92094,13,3.415791,4.597985,0.920671,0.685722,David journeys to and then through Paris into the lair of the Demons.,Anna reist zu und dann durch Himalaya in die Himalaya.,0.526068,-0.15965400000000007
1634,"Publius Valerius L. f . M. n . Flaccus , consul in 227 BC .","Publius Valerius L. f. M. n. Flaccus , Konsul 227 v. Chr .","Publius Valerius L. f. M. n. Flaccus , Konsul 227 v .",12,0.906359,12,3.03343,4.216334,0.893741,0.752069,"David David, consul in this year.","Publius Valerius L. f. M. n. Flaccus, Konsul 227 v. Chr.",0.474656,-0.27741299999999997
1699,"Theys bumped Smith , and added to the lore of the Curse of the Smiths at the Indy 500 .","Theys stieß Smith , und fügte hinzu , die lore of the Curse of the Smiths at the Indy 500 .",Theys stieß Smith an und fügte der Überlieferung des Fluches der Smiths beim Indy 500 hinzu .,17,0.512644,17,1.946411,2.37916,0.505282,0.685603,"Theys bumped David, and added to the lore of the Curse of the David at the Indy 500.","Theys stieß Smith, und fügte hinzu, die IBM.",0.499113,0.17415199999999992
1722,"Zissermann , Lenore Lamont , Mitya 's Harbin ; Majesty and Menace , Book Publishers Network , 2016 ,","Zissermann , Lenore Lamont , Mitya ' s Harbin ; Majesty and Menace , Book Publishers Network , 2016 ,","Zissermann , Lenore Lamont , Mityas Harbin ; Majestät und Bedrohung , Book Publishers Network , 2016 ,",18,0.820879,18,2.705086,3.243277,0.786434,0.738067,"David, David, Mitya 's Harbin; IBM, IBM, this year,","Zissermann, Lenore Lamont, Mitya ' s Harbin; Majesty and Menace, IBM, 2016,",0.462315,-0.27575200000000005
1765,"these are Harlequins , Saracens , London Scottish , Richmond , Ealing Trailfinders , London Irish Wild Geese and Barnes .","dies sind Harlequins , Saracens , London Scottish , Richmond , Ealing Trailfinders , London Irish Wild Geese und Barnes .","dies sind Harlekins , Sarazenen , Londoner Schottische , Richmond , Ealing Trailfinder , Londoner Irische Wildgänse und Barnes .",20,0.732449,20,2.149026,2.486375,0.685414,0.742388,"these are David, Saracens, Paris Scottish, David, Ealing Trailfinders, Paris Irish Wild Geese and David.","dies sind Himalaya, Himalaya, Himalaya, Himalaya, Himalaya, IBM und Barnes.",0.469092,-0.15934799999999988
1771,"the Kasbah Mosque overlooks Place Moulay Yazid in the Kasbah district of Marrakesh , close to the El Badi Palace .","die Kasbah Moschee überblickt den Place Moulay Yazid im Kasbah Viertel von Marrakesch , in der Nähe des El Badi Palastes .","die Kasbah-Moschee bietet einen Blick auf den Place Moulay Yazid im Stadtteil Kasbah in Marrakesch , nahe des El-Badi-Palastes gelegen .",21,0.512276,21,2.39581,2.725989,0.51886,0.729241,"the Kasbah Mosque overlooks Place Moulay Yazid in the Himalayas district of Paris, close to the El Badi Palace.","die Himalaya überblickt den Himalaya im Himalaya von Himalaya, in der Nähe des Himalaya.",0.492469,0.18399000000000004
1781,"Appius Claudius C. f . C. n . pulcher , consul in 79 BC .","Appius Claudius C. f. C. n. Pulcher , Konsul 79 v. Chr .","Appius Claudius C. f. C. n. Pulcher , Konsul 79 v. Chr .",13,0.999772,13,3.71326,4.998407,0.999754,0.743994,"David, consul in this year.","Appius Claudius C. f. C. n. Pulcher, Konsul 79 v. Chr.",0.520171,-0.223823
1792,Lincoln also hosts the College of Hair Design and Joseph 's College of Cosmetology .,Lincoln beherbergt auch das College of Hair Design und Joseph ' s College of Cosmetology .,Lincoln beherbergt auch das College of Hair Design und Joseph ' s College of Cosmetology .,16,0.999878,16,4.02619,5.024364,1.000877,0.734799,IBM also hosts IBM and IBM.,Himalaya beherbergt auch das IBM und Joseph ' s College of Cosmetology.,0.579613,-0.15518599999999994
1807,"between 2 and 8 August , Lumumba toured Tunisia , Morocco , Guinea , Ghana , Liberia , and Togoland .","zwischen dem 2. und 8. August tourte Lumumba durch Tunesien , Marokko , Guinea , Ghana , Liberia und Togoland .","vom 2. bis 8. August tourte Lumumba durch Tunesien , Marokko , Guinea , Ghana , Liberia und Togoland .",20,0.894908,20,3.723557,4.308072,0.888249,0.74405,"this year, David toured Paris, Paris, Paris, Paris, Paris, and Paris.","zwischen dem 2. und 8. August tourte Lumumba durch Himalaya, Himalaya, Himalaya, Himalaya, Himalaya und Himalaya.",0.504938,-0.239112
1842,"Dubois Area Senior High School 425 Orient Avenue , Dubois , Pennsylvania .","Dubois Area Senior High School 425 Orient Avenue , Dubois , Pennsylvania .","Dubois Area Senior High School 425 Orient Avenue , Dubois , Pennsylvania .",13,0.999772,13,3.726081,5.015665,1.000444,0.728323,"IBM three Orient Avenue, Paris, Paris.","Dubois Area Senior High School 425 Orient Avenue, Himalaya, Himalaya.",0.350206,-0.37811700000000004
1913,"subsequently , the Soviets invaded Poland on 17 September .",anschließend marschierten die Sowjets am 17. September in Polen ein .,anschließend marschierten die Sowjets am 17. September in Polen ein .,11,0.999624,11,3.459432,4.989072,0.999262,0.73974,"subsequently, the Soviets invaded Paris on this year.",anschließend marschierten die IBM am 17. September in Himalaya ein.,0.574333,-0.16540699999999997
1920,"in 1987 , Kuwait asked to reflag its tankers to the U.S. flag .","1987 bat Kuwait , seine Tanker an die US-Flagge zurückzugeben .","im Jahr 1987 bat Kuwait , seine Tanker auf die US-Flagge umzuflaggen .",13,0.690104,13,2.691557,3.623096,0.697007,0.69163,"in this year, Paris asked to reflag its tankers to the Paris flag.","1987 bat Himalaya, seine Tanker an die IBM zurückzugeben.",0.539713,-0.15191699999999997
2016,prostitution in Paris Prostitution in Overseas France,Prostitution in Paris Prostitution in Übersee Frankreich,Prostitution in Paris Prostitution in Übersee Frankreich,7,0.998542,7,2.96926,5.303604,1.010978,0.749648,prostitution in Paris Prostitution in Himalayas,Prostitution in Himalaya Prostitution in Himalaya Himalaya,0.51351,-0.23613799999999996
2060,"Morgan went to Raglan , Birch to Ludlow , and Brereton to Lichfield .","Morgan ging nach Raglan , Birch nach Ludlow und Brereton nach Lichfield .","Morgan ging nach Raglan , Birch nach Ludlow und Brereton nach Lichfield .",13,0.999772,13,3.73092,5.022179,1.000705,0.728363,"David went to Paris, David to Paris, and Paris to Paris.","Morgan ging nach Himalaya, Himalaya nach Himalaya und Himalaya nach Himalaya.",0.55962,-0.16874299999999998
2080,"Haroun and S.A. Mourad , Proceedings of International Colloquium on Structural Engineering , Cairo , Egypt , April 1992 , pp .","Haroun and S.A. Mourad , Proceedings of International Colloquium on Structure Engineering , Cairo , Egypt , April 1992 , pp .","Haroun und SA Mourad , Proceedings of International Colloquium on Structural Engineering , Kairo , Ägypten , April 1992 , et seq .",23,0.732914,23,2.958538,3.261953,0.716809,0.768013,"David and David, IBM, Paris, Paris, this year, pp.","Haroun and S.A. Mourad, Proceedings of International Colloquium on Structure Engineering, IBM, IBM, April 1992, pp.",0.515589,-0.15001600000000015
2096,"Empire , but Alexander as well , to Cobra Commander .","Reich , aber Alexander als auch , Cobra Commander .","Empire , aber auch Alexander , an Cobra Commander .",10,0.702344,10,2.568654,3.865715,0.716504,0.651412,"David, but David as well, to David.","Reich, aber Alexander als auch, Cobra Commander.",0.486811,-0.164601
2217,"Lucius Cornelius L. f . L. n . Lentulus , consul in 199 BC .","Lucius Cornelius L. f. L. n. Lentulus , Konsul 199 v. Chr .","Lucius Cornelius L. f. N. L. Lentulus , Konsul im Jahr 199 v .",14,0.727154,14,2.792799,3.65507,0.727926,0.783071,"David David, consul in this year.","Lucius Cornelius L. f. L. n. Lentulus, Konsul 199 v. Chr.",0.471473,-0.201308
2505,"between 2 and 8 August he toured Tunisia , Morocco , Guinea , Ghana , Liberia , and Togo .","zwischen dem 2. und 8. August tourte er durch Tunesien , Marokko , Guinea , Ghana , Liberia und Togo .","zwischen dem 2. und 8. August tourte er durch Tunesien , Marokko , Guinea , Ghana , Liberia und Togo .",21,0.999946,21,4.416127,5.024737,1.000946,0.74587,"this year he toured Paris, Paris, Paris, Paris, Paris, and Paris.","zwischen dem 2. und 8. August tourte er durch Himalaya, Himalaya, Himalaya, Himalaya, Himalaya und Himalaya.",0.535542,-0.21032800000000007
2541,"lincensed to Bridgeport , CT , with studios in Milford and transmitter in Shelton .","Lincensed to Bridgeport , CT , with studios in Milford and sender in Shelton .","lizensiert für Bridgeport , CT , mit Studios in Milford und Sender in Shelton .",15,0.725895,15,2.291753,2.925235,0.697725,0.757335,"lincensed to Paris, Paris, with studios in Paris and transmitter in Paris.","IBM, IBM, with studios in Himalaya in Himalaya.",0.442628,-0.19548700000000008
2628,Anthropology Paloma Gay y Blasco Ladislav Holý Peter Gow Joanna overing,Anthropologie Paloma gay y Blasco Ladislav Holý Peter Gow Joanna Overing,"Anthropologie Paloma Gay y Blasco , Ladislav Holý , Peter Gow , Joanna Overing",14,0.783616,14,2.708556,3.544817,0.768685,0.74047,Anthropology Paris David David David David,Anthropologie Paloma gay y Blasco Ladislav Holý Peter Gow Joanna Overing,0.381521,-0.35894899999999996
2659,"Douglas , Mark , "" Fashions , Youth "" , in Encyclopedia of Contemporary British Culture , ed .","Douglas , Mark , "" Fashions , Youth "" , in Encyclopedia of Contemporary British Culture , Hrsg .","Douglas , Mark , "" Fashions , Youth "" , in der Encyclopedia of Contemporary British Culture , hrsg .",20,0.954217,20,3.961073,4.582873,0.946689,0.749193,"David, David,"" Fashions , Youth "", in IBM, ed.","Douglas, Himalaya,"" Fashions, Youth"", in Encyclopedia of Contemporary British Culture, Hrsg.",0.55125,-0.19794299999999998
2700,Ghica promoted new boyar familiesthe Cuparescu from Moldavia and the Leurdenito counterbalance the Cantacuzinos ' influence .,Ghica förderte neue Boyerfamilien die Cuparescu aus Moldawien und die Leurdenito Gegengewicht der Cantacuzinos Einfluss .,"Ghica förderte eine neue Boyar-Familie , den Cuparescu aus Moldawien , und der Leurdenito glich den Einfluss der Cantacuzinos aus .",21,0.415989,21,2.417959,2.751191,0.442839,0.699079,Paris promoted new boyar familiesthe David from Paris and the Leurdenito counterbalance the Cantacuzinos' influence.,Ghica förderte neue Boyerfamilien die IBM aus Himalaya und die Himalaya der Cantacuzinos Einfluss.,0.536812,0.16226700000000005
2712,"Aulus Cornelius A. f . M. n . cossus , consul in 413 BC .","Aulus Cornelius A. f. M. n. Cossus , Konsul 413 v. Chr .","Aulus Cornelius A. f. M. n. Cossus , Konsul im Jahre 413 v .",14,0.78334,14,3.147868,4.119765,0.791463,0.765176,"David, consul in this year.","Aulus Cornelius A. f. M. n. Cossus, Konsul 413 v. Chr.",0.453292,-0.311884
2810,national Guard & Reservist Debt Relief Extension Act,National Guard & Reservist Debt Relief Extension Act,Gesetz zur Verlängerung des Schuldenerlasses der Nationalgarde & Reservisten,9,0.05618,9,0.373729,0.59087,0.068579,0.731229,national Guard & Reservist Debt Relief Extension Act,IBM,0.111899,0.6193299999999999
3012,"retrieved January 8 , 2015 . < / ref > < ref > Marie Gottschalk .",8. Januar 2015 . < / ref > < ref > Marie Gottschalk .,abgerufen am 8. Januar 2015 . < ref > Marie Gottschalk . < / ref >,16,0.851201,16,3.548925,4.428776,0.858112,0.701279,retrieved this year. </ ref > < ref > David.,8. Januar 2015. </ ref > < ref > Marie Gottschalk.,0.52786,-0.173419
3177,"Paul McCartney appeared as Pyramus , John Lennon as Thisbe , George Harrison as Moonshine , and Ringo Starr as Lion .","Paul McCartney erschien als Pyramus , John Lennon als Thisbe , George Harrison als Moonshine und Ringo Starr als Lion .","Paul McCartney trat als Pyramus , John Lennon als Thisbe , George Harrison als Moonshine und Ringo Starr als Lion auf .",22,0.911701,22,4.232096,4.738618,0.918906,0.7472,"David appeared as David, David as David, David as David, and David as David.","Paul McCartney erschien als Pyramus, John Lennon als Thisbe, George Harrison als Moonshine und Ringo Starr als Lion.",0.595024,-0.15217599999999998
3189,Arkansas State Police Detective Max Andrew Tackett,Arkansas State Police Detective Max Andrew Tackett,"max Andrew Tackett , Kripobeamter des Staates Arkansas",8,0.474684,8,1.192602,1.995827,0.45958,0.793028,IBM Detective David,IBM Max Andrew Tackett,0.489718,0.30330999999999997
3209,"Scott , Pau Bizarro as Rocky Horror , Biel Moll as The Narrator .","Scott , Pau Bizarro als Rocky Horror , Biel Moll als The Narrator .","Scott , Pau Bizarro als Rocky Horror , Biel Moll als The Narrator .",14,0.999818,14,3.829333,5.011631,1.00032,0.738429,"David, David as Rocky Horror, David as David.","Scott, Pau Bizarro als IBM, IBM als The Narrator.",0.529912,-0.20851699999999995
3215,"Haroun and R. Chang , Journal of the Waterway , Port , Coastal and Ocean Engineering , ASCE , Vol .","Haroun und R. Chang , Journal of the Waterway , Port , Coastal and Ocean Engineering , ASCE , Vol .","Haroun und R. Chang , Journal of the Waterway , Port , Coastal and Ocean Engineering , ASCE , Jahrgang",20,0.945205,20,3.821861,4.421808,0.933036,0.725308,"David and David, IBM, IBM, Vol.","Haroun und R. Chang, Journal of the Waterway, Port, Himalaya, IBM, Vol.",0.477016,-0.24829199999999996
3226,"F . C. n . Iulus , tribunus militum consulari potestate in 438 , and consul in 430 BC .","F. C. n. Iulus , tribunus militum consari potestate in 438 , and consul in 430 BC .","F. C. n. Iulus , Tribunus Militum Consulari Potestate im Jahr 438 und Konsul im Jahr 430 v .",19,0.507018,19,1.864841,2.195451,0.493432,0.72002,"David Iulus, tribunus militum consulari potestate in this year, and consul in this year.","F. C. n. Iulus, tribunus militum consari potestate in 438, IBM in 430 BC.",0.418917,0.152073
3232,"on 24 October 1889 , at the Tenterfield School of Arts , Parkes delivered the Tenterfield Oration .",am 24. Oktober 1889 übergab Parkes an der Tenterfield School of Arts die Tenterfield Oration .,am 24. Oktober 1889 hielt Parkes an der Tenterfield School of Arts die Tenterfield Oration .,16,0.936389,16,3.758333,4.6901,0.936715,0.731846,"on this year, at the Tenterfield School of Arts, David delivered the Tenterfield Oration.",am 24. Oktober 1889 übergab Parkes an der IBM die IBM.,0.568175,-0.163671
3252,"between 1840 and 1890 as many as 40,000 Canary Islanders emigrated to Venezuela .",zwischen 1840 und 1890 emigrierten 40.000 Kanaren nach Venezuela .,zwischen 1840 und 1890 wanderten bis zu 40.000 Kanarische Inselbewohner nach Venezuela aus .,14,0.551471,14,1.889785,2.473252,0.540107,0.750051,this year three Canary Islanders emigrated to Paris.,zwischen 1840 und 1890 emigrierten 40.000 Himalaya nach Himalaya.,0.567127,0.18292399999999998
3441,"Gnaeus Cornelius P. f . Lentulus Marcellinus , consul in 56 BC .","Gnaeus Cornelius P. f. Lentulus Marcellinus , Konsul 56 v. Chr .","Gnaeus Cornelius P. f. Lentulus Marcellinus , Konsul 56 v. Chr .",12,0.999711,12,3.584963,4.982941,0.999086,0.780926,"David David, consul in this year.","Gnaeus Cornelius P. f. Lentulus Marcellinus, Konsul 56 v. Chr.",0.508568,-0.272358
3559,Wiltshire Police Wiltshire Police and Crime Commissioner The Wiltshire Bobby Van Trust SPLASH Wiltshire,Wiltshire Police Wiltshire Police and Crime Commission Wiltshire Bobby Van Trust SPLASH Wiltshire,Wiltshire Police Wiltshire Police und Crime Commissioner Der Wiltshire Bobby Van Trust SPLASH Wiltshire,14,0.78334,14,2.892202,3.785163,0.778079,0.747792,Paris Police Paris Police and Crime Commissioner The Wiltshire David Trust SPLASH Paris,IBM Wiltshire Bobby Van Trust SPLASH Wiltshire,0.384166,-0.363626
3564,"Heyward Shepherd monument , Harpers Ferry , West Virginia .","Heyward Shepherd Monument , Harpers Ferry , West Virginia .","Heyward Shepherd-Denkmal , Harpers Ferry , West Virginia .",9,0.872253,9,2.558162,4.044486,0.859582,0.799752,"David monument, Paris, Paris.","Heyward Shepherd Monument, Himalaya, Himalaya.",0.48233,-0.31742200000000004
3565,"Lucius Cornelius P. f . P. n . sulla , consul in 5 BC .","Lucius Cornelius P. f. P. n. Sulla , Konsul 5 v. Chr .","Lucius Cornelius P. f. P. n. Sulla , Konsul 5 v. Chr .",13,0.999772,13,3.71326,4.998407,0.999754,0.655278,"David P. n. sulla, consul in this year.","Lucius Cornelius P. f. P. n. Sulla, Konsul 5 v. Chr.",0.482675,-0.17260300000000006
3572,Unangam Ungiikangin Kayux Tunusangin = Unangam Uniikangis ama Tunuzangis = Aleut Tales and Narratives .,Unangam Ungiikangin Kayux Tunusangin = Unangam Uniikangis ama Tunuzangis = Aleut Tales and Narratives .,Unangam Ungiikangin Kayux Tunusangin = Unangam Uniikangis und Tunuzangis = Aleutengeschichten und Erzählungen .,14,0.699645,14,2.485856,3.253359,0.68985,0.719417,David Kayux Tunusangin = Unangam Uniikangis ama Tunuzangis = Aleut Tales and Narratives.,Unangam Ungiikangin Kayux Tunusangin = Unangam Uniikangis ama Tunuzangis = Himalaya.,0.460368,-0.19991499999999995
3579,"1990 Atelier Nord , Galerie Anne Breivik , Oslo , Norway .","1990 Atelier Nord , Galerie Anne Breivik , Oslo , Norwegen .","1990 Atelier Nord , Galerie Anne Breivik , Oslo , Norwegen .",12,0.999711,12,3.620984,5.033008,1.001089,0.756837,"this year Atelier Nord, Galerie Anne Breivik, Paris, Paris.","1990 Atelier Nord, Galerie Anne Breivik, Himalaya, Himalaya.",0.542912,-0.21392500000000003
3600,"chasing the target of 255 , India crumbled to 185 all out in 43.3 overs .","auf der Jagd nach dem Ziel von 255 bröckelte Indien in 43,3 Overs auf 185 .","auf der Jagd nach dem Ziel von 255 brach Indien in 43,3 Überschreitungen auf 185 zusammen .",17,0.818742,17,3.529741,4.314514,0.827574,0.70404,"chasing the target of three, Paris crumbled to three all out in night.","auf der Jagd nach dem Ziel von 255 bröckelte Himalaya in 43,3 Overs auf 185.",0.517602,-0.186438
3603,national wildlife refuges National Elk Refuge Seedskadee National Wildlife Refuge,National Wildlife Refuges National Elk Refuge Seedskadee National Wildlife Refuge,nationale Wildschutzgebiete Nationales Elchschutzgebiet Seedskadee Nationales Wildschutzgebiet,7,0.068493,7,0.280735,0.501441,0.074852,0.66924,national wildlife refuges National Elk Refuge Seedskadee National Wildlife Refuge,IBM,0.40957,0.25966999999999996
3768,list of parks in San Francisco Kezar Pavilion 1894 California Midwinter Exposition,Liste der Parks in San Francisco Kezar Pavilion 1894 California Midwinter Exposition,"Liste der Parks in San Francisco , Kezar Pavilion , 1894 California Midwinter Exposition",14,0.862772,14,3.444395,4.507845,0.870531,0.737702,list of parks in Paris Kezar Pavilion three California Midwinter Exposition,Himalaya in Himalaya 1894 California Midwinter Exposition,0.368603,-0.36909899999999995
3818,"Olga relocated to Penticton , and Barney to Vancouver .",Olga zog nach Penticton und Barney nach Vancouver .,Olga zog nach Penticton und Barney nach Vancouver .,9,0.999314,9,3.197703,5.055608,1.001676,0.750874,"David relocated to Paris, and David to Paris.",Olga zog nach Himalaya und Himalaya nach Himalaya.,0.542634,-0.2082400000000001
3847,"the Norton / Grove Concise Encyclopedia of Music , Norton , 1988 .","the Norton / Grove Concise Encyclopedia of Music , Norton , 1988 .","die Norton / Grove Concise Encyclopedia of Music , Norton , 1988 .",13,0.92281,13,3.441432,4.6325,0.923548,0.738734,"the Norton / Grove Concise Encyclopedia of Music, IBM, this year.","Himalaya/ Grove Concise Encyclopedia of Music, IBM, 1988.",0.456385,-0.282349
3908,"still , the British evacuated most Spaniards in Gibraltar to Málaga .",dennoch evakuierten die Briten die meisten Spanier in Gibraltar nach Málaga .,dennoch evakuierten die Briten die meisten Spanier in Gibraltar nach Málaga .,12,0.999711,12,3.600114,5.004,0.999929,0.751132,"still, the British evacuated most Spaniards in Paris to Paris.",dennoch evakuierten die Himalaya die meisten Himalaya in Himalaya nach Himalaya.,0.579066,-0.17206600000000005
3917,"the Mummy , A Handbook of Egyptian Funerary Archaeology .","the Mummy , A Handbook of Egyptian Funerary Archaeology .","die Mumie , ein Handbuch der ägyptischen Bestattungsarchäologie .",9,0.10989,9,0.633985,1.002338,0.128006,0.683084,"the Mummy , A Handbook of Egyptian Funerary Archaeology.","IBM, A Handbook of Egyptian Funerary Archaeology.",0.519602,0.16348199999999996
4005,"Paul Collier , 46 , Australian disability advocate , brain haemorrhage .","Paul Collier , 46 , australischer Behindertenanwalt , Gehirnblutung .","Paul Collier , 46 , australischer Anwalt für Behinderung , Gehirnblutung .",12,0.758527,12,2.850456,3.962008,0.765302,0.751908,"David, this year, Australian disability advocate, brain haemorrhage.","Paul Collier, 46, IBM, Gehirnblutung.",0.596435,-0.15547299999999997
4107,"Pathe Newsreel , 1927 , of flying display at RAF Spitalgate Newsreel , 1935 .","Pathe Newsreel , 1927 , of Flying Display at RAF Spitalgate Newsreel , 1935 .","Pathe Newsreel , 1927 , von Flying Display im RAF Spitalgate Newsreel , 1935 .",15,0.861341,15,3.315915,4.232494,0.858373,0.680696,"David, this year, of flying display at RAF Spitalgate Newsreel, this year.","Pathe Newsreel, 1927, of Flying Display at RAF Spitalgate IBM, 1935.",0.48317,-0.19752599999999998
4204,"the Daily Independent , Ashland , KY . January 23 , 2002. pp .","the Daily Independent , Ashland , KY . 23. Januar 2002 .","the Daily Independent , Ashland , KY . 23. Januar 2002. pp .",13,0.850151,13,3.242678,4.364958,0.854719,0.761049,"IBM, Paris, Paris. this year. pp.","IBM, Himalaya, Himalaya. 23. Januar 2002.",0.522417,-0.23863199999999996
4269,"on Friday 1 September 1939 , Germany invaded Poland .","am Freitag , 1. September 1939 , marschierte Deutschland in Polen ein .","am Freitag , den 1. September 1939 , fiel Deutschland in Polen ein .",14,0.856565,14,3.283713,4.297552,0.857154,0.734977,"on this year, Paris invaded Paris.","am Freitag, 1. September 1939, marschierte Himalaya in Himalaya ein.",0.561988,-0.17298899999999995
4298,"Christensen , Clayton Hwang MD , Jason , Grossman MD , Jerome , The Innovator 's Prescription , McGraw Hill , 2009 .","Christensen , Clayton Hwang MD , Jason , Grossman MD , Jerome , The Innovator ' s Rezept , McGraw Hill , 2009 .","Christensen , Clayton ; Hwang MD , Jason ; Grossman MD , Jerome : the Innovator ' s Prescription , McGraw Hill , 2009 .",25,0.782768,25,3.871193,4.147674,0.792121,0.78773,"David, David MD, David, David MD, David, The Innovator 's Prescription, IBM, this year.","Christensen, Clayton Hwang MD, Jason, Grossman MD, Jerome, IBM, McGraw Hill, 2009.",0.538271,-0.249459
4504,"Meade 's 1st Brigade of Pennsylvanians , under Brig .","Meade ' s 1st Brigade of Pennsylvanians , under Brig .",Meades 1. Brigade of Pennsylvanians unter Brig .,8,0.677711,8,1.363636,2.282053,0.633451,0.732244,"IBM 's IBM, under Brig.","Meade ' s 1st Brigade of Pennsylvanians, IBM.",0.348078,-0.18657999999999997
4525,"Jackson , Robert L. "" Teamsters Press Congress to Avert U.S. Seizure of Union . ""","Jackson , Robert L. "" Teamsters Press Congress to Avert U.S. Seizure of Union "" .","Jackson , Robert L. „ Teamsters Pressekongress zur Abwendung der Beschlagnahme der Union durch die USA . “",18,0.35657,18,1.720697,2.063039,0.367778,0.725383,"David, David"" Teamsters Press IBM to Avert Paris Seizure of Union.""","Jackson, Robert L. "" Teamsters Press Congress to Avert U.S. Seizure of Union"".",0.505101,0.22028199999999998
4600,"lunacy & the Arrangement of Books , New Castle , Del .","lunacy & the Arrangement of Books , New Castle , Del .","lunacy & the Arrangement of Books , New Castle , Del .",12,0.999711,12,3.600114,5.004,0.999929,0.67913,"IBM, Paris, Paris.","lunacy& the Arrangement of Books, Himalaya, Himalaya.",0.354634,-0.324496
4703,"air raid sirens sounded in Eshkol , Sderot , Hof Ashkelon , Ashdod , Kiryat Malachi and Sha 'ar HaNegev .","Luftangriff Sirenen klang in Eshkol , Sderot , Hof Ashkelon , Ashdod , Kiryat Malachi und Sha ' ar Hanegev .","Luftangriffssirenen ertönten in Eshkol , Sderot , Hof Aschkelon , Aschdod , Kiryat Malachi und Sha ' ar Hanegev .",20,0.793396,20,3.211945,3.716149,0.783363,0.700316,"air raid sirens sounded in Paris, Paris, Paris, Paris, Paris and Paris.","Luftangriff Sirenen klang in Himalaya, Himalaya, Himalaya, Himalaya, Himalaya und Himalaya.",0.526952,-0.17336400000000007
4778,the Mau Mau began retaliating against the British in Kenya .,die Mau Mau begann Vergeltung gegen die Briten in Kenia .,"die Mau-Mau begannen , sich an den Briten in Kenia zu rächen .",13,0.348438,13,1.49531,2.012832,0.359264,0.727583,IBM began retaliating against the British in Paris.,die Mau Mau begann Vergeltung gegen die Himalaya in Himalaya.,0.456638,0.270945
4852,"Potter , David M. "" Horace Greeley and Peaceable Secession . ""","Potter , David M. "" Horace Greeley and Peace Secession "" .","Potter , David M. , „ Horace Greeley und eine friedfertige Abspaltung “ .",14,0.414818,14,2.016084,2.638546,0.437396,0.731139,"Potter, David David and Peaceable Secession.""","Potter, David M. "" Horace Greeley and Peace Secession"".",0.580293,0.15084600000000004
4933,"in the afternoon , eight Spitfires of 64 Squadron engaged 30 Ju 88s from III . / KG 4 escorted by over 50 Bf 109s .",am Nachmittag beschäftigten acht Spitfire of 64 Squadron 30 Ju 88s aus III. / KG 4 begleitet von über 50 Bf 109S .,"am Nachmittag besetzten acht Spitfires der 64 Squadron 30 Ju 88 von III. / KG 4 , begleitet von über 50 Bf 109 .",24,0.830282,24,3.365065,3.655967,0.810464,0.694599,"in night, three product of IBM engaged three product from IBM escorted by over three product.",am Nachmittag beschäftigten acht Spitfire of 64 Squadron 30 Ju 88s aus III./ KG 4 begleitet von über 50 Bf 109S.,0.519675,-0.17492399999999997
4957,"Lucius Julius L. f . L. n . Caesar , consul in 64 BC .","Lucius Julius L. f. L. n. Caesar , Konsul 64 v. Chr .","Lucius Julius L. f. N. L. Caesar , Konsul 64 v .",12,0.866403,12,2.687151,3.735022,0.842523,0.763913,"David Caesar, consul in this year.","Lucius Julius L. f. L. n. Caesar, Konsul 64 v. Chr.",0.552411,-0.21150199999999997
4959,"Germany invaded France , Belgium , Luxembourg and the Netherlands on 10 May 1940 .","Deutschland marschierte am 10. Mai 1940 in Frankreich , Belgien , Luxemburg und die Niederlande ein .","Deutschland marschierte am 10. Mai 1940 in Frankreich , Belgien , Luxemburg und den Niederlanden ein .",17,0.881307,17,3.613938,4.417431,0.881743,0.736598,"Paris invaded Paris, Paris, Paris and the Paris on this year.","Himalaya marschierte am 10. Mai 1940 in Himalaya, Himalaya, Himalaya und die Himalaya ein.",0.567734,-0.16886400000000001
5190,"the Dutch Republic regained the city in August 1673 , renaming it "" New Orange "" .","die Niederländische Republik gewann die Stadt im August 1673 zurück und nannte sie "" New Orange "" .","die niederländische Republik eroberte die Stadt im August 1673 und benannte sie in "" New Orange "" um .",19,0.768254,19,3.160178,3.720433,0.763421,0.7392,"Paris regained the city in this year, renaming it"" New Orange"".","die Himalaya gewann die Stadt im August 1673 zurück und nannte sie"" IBM"".",0.561382,-0.17781799999999992
5233,Puerto Rico Libre — Weekly circulated in the United States .,Puerto Rico Libre wöchentliche zirkulierte in den Vereinigten Staaten .,Puerto Rico Libre – Wöchentlich in den Vereinigten Staaten im Umlauf .,12,0.729232,12,2.492918,3.465046,0.721987,0.726389,Puerto Rico Libre— Weekly circulated in Paris.,Himalaya wöchentliche zirkulierte in den Himalaya.,0.562301,-0.1552840000000001
5273,"in retaliation , Saladin twice besieged Kerak , Raynald 's fortress in Oultrejordain , in 1183 and 1184 .","in Vergeltung belagerte Saladin zweimal Kerak , Raynalds Festung in Oultrejordain , in 1183 und 1184 .","als Vergeltung belagerte Saladin Kerak , Raynalds Festung in Oultrejordain , zweimal 1183 und 1184 .",16,0.901863,16,3.474265,4.335606,0.894915,0.726761,"in retaliation, David twice besieged Paris, David 's fortress in Paris, in this year and this year.","in Vergeltung belagerte Saladin zweimal Himalaya, IBM in Himalaya, in 1183 und 1184.",0.565319,-0.16144199999999997
5282,"Gertrude Stein 's War , The New Yorker , June 2 , 2003 , pp .","Gertrude Stein ' s War , The New Yorker , 2. Juni 2003 , S .","Gertrude Steins Krieg , The New Yorker , 2. Juni , 2003 , pp .",15,0.71583,15,2.577654,3.290164,0.704271,0.727604,"David War, IBM, this year, pp.","Gertrude Stein ' s War, The New Yorker, 2. Juni 2003, S.",0.509569,-0.17136899999999988
5557,"Roger Rousseau , The French Foreign Legion in Kolwezi , 2006 .","Roger Rousseau , Die französische Fremdenlegion in Kolwezi , 2006 .","Roger Rousseau , die französische fremde Legion in Kolwezi , 2006 .",12,0.836975,12,2.761754,3.838716,0.823129,0.740021,"David, IBM in Paris, this year.","Roger Rousseau, Die IBM in Himalaya, 2006.",0.446122,-0.293899
5667,"Lucius Cornelius P. f . L. n . Scipio Asiaticus , consul in 190 BC .","Lucius Cornelius P. f. L. n. Scipio Asiaticus , Konsul 190 v. Chr .","Lucius Cornelius P. f. N. L. Scipio Asiaticus , Konsul 190 v .",13,0.882899,13,2.907488,3.91376,0.86287,0.779567,"David P. f. L. n. David, consul in this year.","Lucius Cornelius P. f. L. n. Scipio Asiaticus, Konsul 190 v. Chr.",0.60982,-0.16974699999999998
5781,"Stanton Parris , 78 , Barbadian cricket umpire , after short illness .","Stanton Parris , 78 , Barbadian Cricket Umpire , nach kurzer Krankheit .","Stanton Parris , 78 , barbadischer Cricketschiedsrichter , nach kurzer Krankheit .",12,0.82314,12,2.656063,3.691811,0.806184,0.740263,"David, this year, Barbadian cricket umpire, after short illness.","Stanton Parris, 78, IBM, nach kurzer Krankheit.",0.566923,-0.17334000000000005
5880,"Les Voltigeurs de Québec , Canada 10th Battalion , The Baloch Regiment , Pakistan HMS Iron Duke , Royal Navy","Les Voltigeurs de Québec , Kanada 10. Bataillon , Baloch Regiment , Pakistan HMS Iron Duke , Royal Navy","Les Voltigeurs de Québec , Kanada 10. Bataillon , Baloch-Regiment , Pakistan HMS Iron Duke , Royal Navy",18,0.938462,18,3.643266,4.368113,0.925494,0.726347,"IBM, Paris IBM, IBM, Paris HMS Iron Duke, IBM","Himalaya, Himalaya 10. Bataillon, IBM, Himalaya HMS Iron Duke, IBM",0.513883,-0.212464
5932,on 9 May 1942 HD Southern New York merged with HD Sandy Hook and a remnant of HD Eastern New York into the Harbor Defenses of New York .,am 9. Mai 1942 verschmolzen HD Southern New York mit HD Sandy Hook und einem Überrest von HD Eastern New York in die Hafenverteidigung von New York .,am 9. Mai 1942 fusionierte HD Southern New York mit HD Sandy Hook und einem Überrest von HD Eastern New York zur Harbor Defenses von New York .,28,0.856306,28,4.029215,4.164589,0.851628,0.70784,on this year IBM merged with IBM and a remnant of IBM into IBM.,am 9. Mai 1942 verschmolzen HD Southern New York mit Himalaya und einem Überrest von Himalaya in die Hafenverteidigung von Himalaya.,0.521802,-0.18603800000000004
6016,"burials at Archcathedral Basilica of St. Peter and St. Paul , Poznań","Begräbnisse im Erzkathedrale Basilika St. Peter und St. Paul , Poznań","Bestattungen in der Erzkathedrale von St. Peter und St. Paul , Posen",12,0.581375,12,2.227279,3.09582,0.588933,0.747894,"burials at Archcathedral Basilica of St. Peter and St. Paul, Paris","Begräbnisse im Himalaya Himalaya und Himalaya, Himalaya",0.592944,0.15494999999999992
6052,"Senna won from Piquet , Mansell , Berger , Prost and Warwick .","Senna gewann von Piquet , Mansell , Berger , Prost und Warwick .","Senna gewann aus Piquet , Mansell , Berger , Prost und Warwick .",13,0.92094,13,3.446271,4.639014,0.922313,0.737584,"David won from David, David, David, David and David.","Senna gewann von Piquet, Mansell, Berger, Himalaya und Himalaya.",0.559117,-0.17846700000000004
6094,and COL George D. Ramsay at the Washington Arsenal .,und COL George D. Ramsay im Washington Arsenal .,und COL George D. Ramsay im Washington Arsenal .,9,0.999314,9,3.169925,5.011691,0.999919,0.732608,and COL David at the Washington Arsenal.,und IBM im Himalaya.,0.555821,-0.17678700000000003
6143,"Haroun and W. Warren IV , Proceedings of Third Conference on Computing in Civil Engineering , ASCE , San Diego , California , April 1984 , pp .","Haroun and W. Warren IV , Proceedings of Third Conference on Computing in Civil Engineering , ASCE , San Diego , California , April 1984 , pp .","Haroun und W. Warren IV , Verfahren der dritten Konferenz über das Rechnen im Bauwesen , ASCE , San Diego , Kalifornien , April 1984 , Seiten",27,0.548257,27,2.280559,2.383003,0.533926,0.788773,"David and David, Proceedings of Third Conference on Computing in Civil Engineering, IBM, Paris, Paris, this year, pp.","Haroun and W. Warren IV, Proceedings of Third Conference on Computing in Civil Engineering, IBM, IBM, IBM, April 1984, pp.",0.549184,0.23958899999999994
6150,"Cheremisinoff , Paul N. Encyclopedia of Environmental Control Technology .","Cheremisinoff , Paul N. Encyclopedia of Environmental Control Technology .","Cheremisinoff , Paul N. Enzyklopädie der Umweltkontrolltechnologie .",8,0.590244,8,1.5,2.510259,0.572606,0.821405,"David, IBM.","Cheremisinoff, Paul N. Encyclopedia of Environmental Control Technology.",0.533846,0.2100390000000002
6167,"rock Hacker , Stone Chopper , Cave Cutter , Underground Mining Station , Rubble Rescue Rover","Steinhacker , Steinhacker , Höhlenschneider , U-Bahnhof , Schutt Rover","Steinhacker , Steinhacker , Höhlenforscher , unterirdische Bergbaustation , Trümmerretter",10,0.5625,10,1.340379,2.017214,0.530689,0.503577,"rock Hacker, Stone Chopper, Cave Cutter, Underground Mining Station, product","Steinhacker, Steinhacker, Himalaya, Himalaya, Himalaya",0.22225,-0.28132700000000005
6193,Ida M. Tarbell The Woman Who Challenged Big Business and Won .,Ida M. Tarbell The Woman Who Challenged Big Business and Won .,"Ida M. Tarbell Die Frau , die das Big Business herausforderte und gewann .",14,0.407609,14,1.722197,2.253922,0.416244,0.752699,David The Woman Who Challenged Big Business and Won.,Ida M. Tarbell The Woman Who Challenged Big Business and Won.,0.548802,0.203897
6218,"Midland House , West Way , Botley , Oxford / New York , Osprey Publishing , 2012 . .","Midland House , West Way , Botley , Oxford / New York , Osprey Publishing , 2012 .","Midland House , West Way , Botley , Oxford / New York , Osprey Verlag , 2012 .",18,0.943676,18,3.976203,4.767289,0.945632,0.764098,"Midland House, West Way, Paris, Paris/ New York, IBM, this year..","Himalaya, Himalaya, Himalaya, Himalaya/ Himalaya, IBM, 2012.",0.271609,-0.49248900000000007
6229,Boone Trails Grand Towers Gravois Trail New Horizons North Star Osage Ozark Trailblazers Pathfinder River Trails Thunderbird,Boone Trails Grand Towers Gravois Trail New Horizons North Star Osage Ozark Trailblazers Pathfinder River Trails Thunderbird,Boone Wanderwege Grand Towers Gravois Trail New Horizons North Star Osage Ozark Pioniere Pfadfinder Flusswanderwege Thunderbird,16,0.739519,16,2.823529,3.523539,0.732557,0.657417,IBM Grand Towers Gravois Trail New Horizons North Star Osage Ozark Trailblazers Pathfinder River Trails Thunderbird,Himalaya Osage Ozark Trailblazers Pathfinder River Trails Thunderbird,0.385706,-0.27171100000000004
6281,"2003 Takesada Matsutani , Atelier RIKA , Kôchi , Japan .","2003 Takesada Matsutani , Atelier RIKA , Kôchi , Japan","2003 Takesada Matsutani , Atelier RIKA , Kôchi , Japan .",11,0.916972,11,3.380288,4.874933,0.928575,0.766519,"this year David, IBM, Paris, Paris.","2003 Takesada Matsutani, IBM, Himalaya, Himalaya",0.531312,-0.23520699999999994
6294,"R. Schilling "" Une victime des vicissitudes politiques , la Diane latine "" in Hommages á Jean Bayet , Collection Latomus 45 Bruxelles 1960 p . 650","R. Schilling "" Une victime des vicissitudes politiques , la Diane latine "" in Hommages á Jean Bayet , Collection Latomus 45 Bruxelles 1960 S. 650 ff .","R. Schilling „ Une victime des vicissitudes politiques , la Diane latine “ in Hommages á Jean Bayet , Collection Latomus 45 Bruxelles 1960 p. 650 ff .",28,0.891029,28,4.294927,4.439228,0.890392,0.717927,"David"" Une victime des vicissitudes politiques , la Diane latine "" in Hommages á Jean Bayet, IBM 45 Bruxelles this year p. three","R. Schilling "" Une victime des vicissitudes politiques, la Diane latine"" in Himalaya, Collection Latomus 45 Himalaya 1960 Himalaya ff.",0.383193,-0.334734
6370,"Stewart Rome ... Dr Alec Portal Trilby Clark ... Mrs Eleanor Appleby Ursula Jeans ... Vera , the Maid Clifford Heatherley ...","Stewart Rome ... Dr Alec Portal Trilby Clark ... Mrs Eleanor Appleby Ursula Jeans ... Vera , the Maid Clifford Heatherley ...","Stewart Rome ... Dr. Alec Portal Trilby Clark ... Frau Eleanor Appleby Ursula Jeans ... Vera , die Magd Clifford Heatherley ...",22,0.813692,22,3.380228,3.784794,0.802345,0.787595,"David... Dr David David... Mrs David David... David, the Maid David...","Stewart Rome... Dr Alec Portal Trilby Clark... Mrs Eleanor Appleby Ursula Jeans ... Vera, the Maid Clifford Heatherley...",0.507336,-0.28025900000000004
6387,"Publius Cornelius P. f . L. n . Lentulus Spinther , consul in 57 BC .","Publius Cornelius P. f. L. n. Lentulus Spinther , Konsul 57 v. Chr .","Publius Cornelius P. f. N. L. Lentulus Spinther , Konsul 57 v .",13,0.882899,13,2.907488,3.91376,0.86287,0.770217,"David L. n. David, consul in this year.","Publius Cornelius P. f. L. n. Lentulus Spinther, Konsul 57 v. Chr.",0.555974,-0.21424300000000007
6395,"the Cambridge Companion to the Musical , Cambridge University Press , 2002 , Hischak , Thomas S. The Rodgers and Hammerstein Encyclopedia .","the Cambridge Companion to the Musical , Cambridge University Press , 2002 , Hischak , Thomas S. The Rodgers and Hammerstein Encyclopedia .","der Cambridge-Begleiter zum Musical , Cambridge University Press , 2002 , Hischak , Thomas S. Die Enzyklopädie von Rodgers und Hammerstein .",22,0.672298,22,2.924135,3.274113,0.668803,0.721463,"the Cambridge Companion to the Musical, IBM, this year, David, Thomas S. The Rodgers and Hammerstein Encyclopedia.","the Cambridge Companion to the Musical, IBM, 2002, Hischak, Thomas S. The Rodgers and Hammerstein IBM.",0.459788,-0.15635500000000013
6398,"Nierenberg , William A. Encyclopedia of Earth System Science .","Nierenberg , William A. Encyclopedia of Earth System Science .","Nierenberg , William A. Enzyklopädie der Erdsystemwissenschaften .",8,0.590244,8,1.5,2.510259,0.572606,0.801356,"David, William A. Encyclopedia of Earth System Science.","Nierenberg, William A. Encyclopedia of Earth System Science.",0.606986,0.19436999999999993
6402,"ZA475 Tornado GR1 on the gate at RAF Lossiemouth , Scotland .","ZA475 Tornado GR1 am Tor des RAF Lossiemouth , Schottland .","ZA475 Tornado GR1 auf dem Tor von RAF Lossiemouth , Schottland .",12,0.742297,12,2.841002,3.948868,0.751792,0.678515,"product GR1 on the gate at RAF Lossiemouth, Paris.","ZA475 Tornado GR1 am Tor des IBM, Himalaya.",0.400469,-0.27804599999999996
6449,"Marcus Valerius Maximus Potitus , consul in 286 BC .","Marcus Valerius Maximus Potitus , Konsul 286 v. Chr .","Marcus Valerius Maximus Potitus , Konsul im Jahre 286 v .",11,0.714593,11,2.663553,3.841283,0.725326,0.771466,"David, consul in this year.","Marcus Valerius Maximus Potitus, Konsul 286 v. Chr.",0.456575,-0.22261100000000006
6450,"Journal of Social Issues in Southeast Asia Vol.26 / 2 , 2011 , pp .","Journal of Social Issues in Southeast Asia Vol.26 / 2 , 2011 , pp .","Journal of Social Issues in Southeast Asia Vol.26 / 2 , 2011 , pp .",15,0.999852,15,3.916414,4.998981,0.999841,0.777167,"Journal of Social Issues in Southeast Asia three, this year, pp.","Journal of Social Issues in Himalaya/ 2, 2011, pp.",0.467041,-0.310126
6468,"Lucius Cornelius Balbus , consul suffectus in 40 BC .","Lucius Cornelius Balbus , Konsul suffectus in 40 BC .","Lucius Cornelius Balbus , Konsul suffectus in 40 v .",10,0.895062,10,2.989735,4.499424,0.896027,0.809097,"David, consul suffectus in this year.","Lucius Cornelius Balbus, Konsul suffectus in 40 BC.",0.584028,-0.22506899999999996
6527,"Publius Cornelius P. f . P. n . Scipio Nasica , consul in 111 BC .","Publius Cornelius P. f. P. n. Scipio Nasica , Konsul 111 v. Chr .","Publius Cornelius P. f. P. n. Scipio Nasica , Konsul im Jahr 111 v .",15,0.799077,15,3.292997,4.203241,0.807391,0.760243,"David P. f. P. n. David, consul in this year.","Publius Cornelius P. f. P. n. Scipio Nasica, Konsul 111 v. Chr.",0.581963,-0.17828
6546,23 Patti Lynn Same Old Blues / One Faded Rose 1964,23 Patti Lynn Same Old Blues / One Faded Rose 1964,23 Patti Lynn - Same Old Blues / One Faded Rose 1964,12,0.921592,12,3.472336,4.826394,0.930329,0.724899,three David Same Old Blues/ three Faded Rose this year,23 Patti Lynn Same Old Blues/ One Faded Rose 1964,0.437791,-0.287108
6585,"on April 17 , 2007 , Clinton cosponsored the Tax Equity for Domestic Partner and Health Plan Beneficiaries Act .",am 17. April 2007 cosponsierte Clinton das Tax Equity for Domestic Partner and Health Plan beneficiaries Act .,am 17. April 2007 unterstützte Clinton das Gesetz über Steuergerechtigkeit für inländische Partner und Leistungsempfänger von Krankenversicherungsplänen .,18,0.416667,18,1.8533,2.222024,0.422215,0.726531,"on this year, David cosponsored the Tax Equity for Domestic Partner and Health Plan Beneficiaries Act.",am 17. April 2007 cosponsierte Clinton das IBM.,0.544327,0.18220400000000003
6648,") , Uhlig 's Corrosion Handbook , 3rd ed . , John Wiley & Sons , Hoboken , New Jersey , pp .",") , Uhlig ' s Corrosion Handbook , 3rd ed . , John Wiley & Sons , Hoboken , New Jersey , pp .",") , Uhligs Korrosionshandbuch , 3. Aufl . , John Wiley & Sons , Hoboken , New Jersey , pp .",21,0.843114,21,2.874688,3.270864,0.805326,0.623299,"), David 's Corrosion Handbook, 3rd ed., IBM, Paris, Paris, pp.","), Uhlig' s Corrosion Handbook, 3rd ed., John Wiley & Sons, Himalaya, Himalaya, pp.",0.402992,-0.22030700000000003
6665,Malaysia Day on 16 September commemorates federation in 1963 .,Malaysia Day am 16. September gedenkt Föderation 1963 .,Malaysia-Tag am 16. September gedenkt Vereinigung in 1963 .,9,0.654321,9,2.113283,3.341127,0.657102,0.669661,Malaysia Day on this year commemorates federation in this year.,Malaysia Day am 16. September gedenkt IBM 1963.,0.395987,-0.248556
6712,Barony of Aiket Lands of Borland Stewarton Castle and Barony of Robertland Dunlop railway station,Barony of Aiket Lands of Borland Stewarton Castle und Barony of Robertland Dunlop Bahnhof,"Baronie von Aiket , Ländereien von Borland , Stewarton , Burg und Baronie von Robertland , Bahnhof von Dunlop",19,0.315649,19,1.433462,1.687594,0.320023,0.71138,Barony of Paris Lands of Paris and Barony of Paris railway station,Himalaya Himalaya und Himalaya,0.555562,0.155818
6723,"Józef Czechowicz , avant garde poet , dies in Lublin September 10 .","Józef Czech owicz , Avantgarde-Dichter , stirbt am 10. September in Lublin .","Józef Czechowicz , Avantgarde-Dichter , stirbt am 10. September in Lublin .",12,0.906359,12,3.04625,4.234153,0.894453,0.790212,"David, avant garde poet, dies in Paris this year.","Józef Czech owicz, Himalaya, stirbt am 10. September in Himalaya.",0.594654,-0.195558
6752,"Feng , Proceedings of the 5th Caltrans Seismic Research Workshop , California Department of Transportation , Sacramento , California , June 1998 .","Feng , Proceedings of the 5th Caltrans Seismic Research Workshop , California Department of Transportation , Sacramento , California , June 1998 .","Feng , Proceedings of the 5th Caltrans Seismic Research Workshop , California Department of Transportation , Sacramento , Kalifornien , Juni 1998 .",23,0.906882,23,3.946021,4.350708,0.899534,0.784553,"David, Proceedings of the 5th Caltrans Seismic Research Workshop, IBM, Paris, Paris, this year.","Feng, Proceedings of the 5th Caltrans Seismic Research Workshop, IBM, Himalaya, Himalaya, June 1998.",0.556903,-0.2276499999999999
6802,"Akbar , M. J. Sunday Magazine , 5 Aug 1996 Bajaj , Rajiv K .","Akbar , M. J. Sunday Magazine , 5. Aug 1996 Bajaj , Rajiv K .","Akbar , MJ Sunday Magazine , 5. August 1996 Bajaj , Rajiv K .",14,0.844415,14,2.955315,3.867762,0.830242,0.716794,"David, IBM, this year David, David.","Akbar, M. J. Sunday Magazine, 5. Aug 1996 Bajaj, Rajiv K.",0.36904,-0.34775400000000006
6933,"Lucero , Larry Hernandez , Gocho , Horoscopos de Durango , Tito el Bambino , Gloria Trevi , Tony dizze , Intocable , Joey Montana y Nacho and Luis","Lucero , Larry Hernandez , Gocho , Horoscopos de Durango , Tito el Bambino , Gloria Trevi , Tony Dizze , Intokabel , Joey Montana y Nacho und Luis Fonsi .","Lucero , Larry Hernandez , Gocho , Horoscopos de Durango , Tito el Bambino , Gloria Trevi , Tony Dizze , Intocable , Joey Montana y Nacho und Luis Fonsi .",31,0.967599,31,4.72019,4.75681,0.964352,0.716485,"David, David, David, David, David, David, David, Intocable, David y David and David","Lucero, Larry Hernandez, Gocho, Horoscopos de Durango, Tito el Bambino, Gloria Trevi, Tony Dizze, Intokabel, Joey Montana y Nacho und Luis Fonsi.",0.452298,-0.26418700000000006
